protein_id,experiment,group,sequence_id,monomer_rmsd,monomer_matched_pairs,monomer_total_aligned_pairs,monomer_matched_fraction,monomer_ranking_score,monomer_pass,dimer_rmsd,dimer_matched_pairs,dimer_total_aligned_pairs,dimer_matched_fraction,dimer_ranking_score,dimer_pass,passed,destination
hsl014198,15082026_16k_production_4_seeds_4_sizes_20260818_pp_1p8_pc_2p2_cont_4p0_8p0,hslarge,hsl01419801,0.6250,61,67,0.9104,0.8089,True,14.4356,134,134,1.0000,0.2391,False,False,rejected
hsl014198,15082026_16k_production_4_seeds_4_sizes_20260818_pp_1p8_pc_2p2_cont_4p0_8p0,hslarge,hsl01419807,0.7388,61,67,0.9104,0.6937,True,14.4693,134,134,1.0000,0.2258,False,False,rejected
hsl014234,15082026_16k_production_4_seeds_4_sizes_20260818_pp_1p8_pc_2p2_cont_4p0_8p0,hslarge,hsl01423405,0.5983,62,70,0.8857,0.7443,True,21.4168,140,140,1.0000,0.3550,False,False,rejected
hsl014812,15082026_16k_production_4_seeds_4_sizes_20260818_pp_1p8_pc_2p2_cont_4p0_8p0,hslarge,hsl01481200,0.9373,67,77,0.8701,0.6448,True,0.0231,3,154,0.0195,0.3997,False,False,rejected
hsm013072,15082026_16k_production_4_seeds_4_sizes_20260818_pp_1p8_pc_2p2_cont_4p0_8p0,hsmedium,hsm01307208,0.7055,58,60,0.9667,0.6890,True,13.8057,120,120,1.0000,0.3177,False,False,rejected
hsm013072,15082026_16k_production_4_seeds_4_sizes_20260818_pp_1p8_pc_2p2_cont_4p0_8p0,hsmedium,hsm01307209,0.7632,59,60,0.9833,0.7112,True,12.9180,120,120,1.0000,0.1875,False,False,rejected
hsm013080,15082026_16k_production_4_seeds_4_sizes_20260818_pp_1p8_pc_2p2_cont_4p0_8p0,hsmedium,hsm01308000,0.7235,51,59,0.8644,0.7103,True,22.5557,118,118,1.0000,0.7770,False,False,rejected
hsm013080,15082026_16k_production_4_seeds_4_sizes_20260818_pp_1p8_pc_2p2_cont_4p0_8p0,hsmedium,hsm01308005,0.6588,50,59,0.8475,0.7321,True,14.4328,118,118,1.0000,0.1866,False,False,rejected
hsm013080,15082026_16k_production_4_seeds_4_sizes_20260818_pp_1p8_pc_2p2_cont_4p0_8p0,hsmedium,hsm01308012,0.7054,52,59,0.8814,0.7444,True,14.7218,118,118,1.0000,0.2398,False,False,rejected
hsx015069,15082026_16k_production_4_seeds_4_sizes_20260818_pp_1p8_pc_2p2_cont_4p0_8p0,hsxlarge,hsx01506912,0.7148,76,86,0.8837,0.7400,True,15.0764,172,172,1.0000,0.2893,False,False,rejected
hsx015165,15082026_16k_production_4_seeds_4_sizes_20260818_pp_1p8_pc_2p2_cont_4p0_8p0,hsxlarge,hsx01516500,0.9613,89,98,0.9082,0.7924,True,16.5416,196,196,1.0000,0.1630,False,False,rejected
hsx015165,15082026_16k_production_4_seeds_4_sizes_20260818_pp_1p8_pc_2p2_cont_4p0_8p0,hsxlarge,hsx01516504,0.7876,92,98,0.9388,0.7764,True,19.7753,196,196,1.0000,0.3504,False,False,rejected
hsx015165,15082026_16k_production_4_seeds_4_sizes_20260818_pp_1p8_pc_2p2_cont_4p0_8p0,hsxlarge,hsx01516505,0.8218,84,98,0.8571,0.8108,True,16.3728,196,196,1.0000,0.3139,False,False,rejected
hsx015754,15082026_16k_production_4_seeds_4_sizes_20260818_pp_1p8_pc_2p2_cont_4p0_8p0,hsxlarge,hsx01575411,0.7726,87,92,0.9457,0.8135,True,14.5011,184,184,1.0000,0.3796,False,False,rejected
hsx015754,15082026_16k_production_4_seeds_4_sizes_20260818_pp_1p8_pc_2p2_cont_4p0_8p0,hsxlarge,hsx01575412,0.8105,77,92,0.8370,0.8240,True,15.0638,184,184,1.0000,0.2803,False,False,rejected
htl006254,15082026_16k_production_4_seeds_4_sizes_20260818_pp_1p8_pc_2p2_cont_4p0_8p0,htlarge,htl00625401,0.6971,60,65,0.9231,0.7756,True,19.8731,130,130,1.0000,0.5005,False,False,rejected
htl006254,15082026_16k_production_4_seeds_4_sizes_20260818_pp_1p8_pc_2p2_cont_4p0_8p0,htlarge,htl00625403,0.8679,57,65,0.8769,0.7631,True,20.3527,130,130,1.0000,0.6522,False,False,rejected
htl006254,15082026_16k_production_4_seeds_4_sizes_20260818_pp_1p8_pc_2p2_cont_4p0_8p0,htlarge,htl00625405,0.8893,56,65,0.8615,0.7507,True,15.0408,130,130,1.0000,0.2489,False,False,rejected
htl006297,15082026_16k_production_4_seeds_4_sizes_20260818_pp_1p8_pc_2p2_cont_4p0_8p0,htlarge,htl00629708,0.8431,56,68,0.8235,0.7328,True,13.3683,136,136,1.0000,0.1857,False,False,rejected
htl006297,15082026_16k_production_4_seeds_4_sizes_20260818_pp_1p8_pc_2p2_cont_4p0_8p0,htlarge,htl00629713,0.8876,60,68,0.8824,0.6209,True,14.5272,136,136,1.0000,0.1624,False,False,rejected
htl006393,15082026_16k_production_4_seeds_4_sizes_20260818_pp_1p8_pc_2p2_cont_4p0_8p0,htlarge,htl00639300,0.6348,56,60,0.9333,0.7780,True,14.6053,120,120,1.0000,0.2154,False,False,rejected
htl006393,15082026_16k_production_4_seeds_4_sizes_20260818_pp_1p8_pc_2p2_cont_4p0_8p0,htlarge,htl00639304,0.5929,56,60,0.9333,0.7450,True,14.9975,120,120,1.0000,0.1643,False,False,rejected
htl006393,15082026_16k_production_4_seeds_4_sizes_20260818_pp_1p8_pc_2p2_cont_4p0_8p0,htlarge,htl00639309,0.5903,56,60,0.9333,0.7784,True,13.9322,120,120,1.0000,0.5818,False,False,rejected
htl006600,15082026_16k_production_4_seeds_4_sizes_20260818_pp_1p8_pc_2p2_cont_4p0_8p0,htlarge,htl00660007,0.7243,61,67,0.9104,0.7555,True,14.0982,134,134,1.0000,0.3981,False,False,rejected
htl006600,15082026_16k_production_4_seeds_4_sizes_20260818_pp_1p8_pc_2p2_cont_4p0_8p0,htlarge,htl00660010,0.7306,66,67,0.9851,0.7359,True,14.5398,134,134,1.0000,0.1684,False,False,rejected
htl006600,15082026_16k_production_4_seeds_4_sizes_20260818_pp_1p8_pc_2p2_cont_4p0_8p0,htlarge,htl00660012,0.7822,57,67,0.8507,0.7615,True,15.5509,134,134,1.0000,0.3834,False,False,rejected
htl006834,15082026_16k_production_4_seeds_4_sizes_20260818_pp_1p8_pc_2p2_cont_4p0_8p0,htlarge,htl00683400,0.6885,58,67,0.8657,0.6936,True,15.9776,134,134,1.0000,0.1624,False,False,rejected
htl006969,15082026_16k_production_4_seeds_4_sizes_20260818_pp_1p8_pc_2p2_cont_4p0_8p0,htlarge,htl00696902,0.5952,67,68,0.9853,0.7800,True,1.3093,6,136,0.0441,0.2094,False,False,rejected
htl006970,15082026_16k_production_4_seeds_4_sizes_20260818_pp_1p8_pc_2p2_cont_4p0_8p0,htlarge,htl00697008,0.8793,58,68,0.8529,0.7604,True,15.0692,136,136,1.0000,0.2177,False,False,rejected
htm005319,15082026_16k_production_4_seeds_4_sizes_20260818_pp_1p8_pc_2p2_cont_4p0_8p0,htmedium,htm00531904,0.8686,49,55,0.8909,0.7011,True,13.8591,110,110,1.0000,0.1731,False,False,rejected
htm005319,15082026_16k_production_4_seeds_4_sizes_20260818_pp_1p8_pc_2p2_cont_4p0_8p0,htmedium,htm00531905,0.7012,48,55,0.8727,0.7147,True,14.7221,110,110,1.0000,0.2222,False,False,rejected
htm005319,15082026_16k_production_4_seeds_4_sizes_20260818_pp_1p8_pc_2p2_cont_4p0_8p0,htmedium,htm00531911,0.5498,50,55,0.9091,0.7712,True,14.1747,110,110,1.0000,0.1815,False,False,rejected
htm005392,15082026_16k_production_4_seeds_4_sizes_20260818_pp_1p8_pc_2p2_cont_4p0_8p0,htmedium,htm00539204,0.9866,48,55,0.8727,0.5952,True,13.8642,110,110,1.0000,0.1753,False,False,rejected
htm005392,15082026_16k_production_4_seeds_4_sizes_20260818_pp_1p8_pc_2p2_cont_4p0_8p0,htmedium,htm00539205,0.7667,52,55,0.9455,0.6352,True,14.2692,110,110,1.0000,0.2770,False,False,rejected
htm005648,15082026_16k_production_4_seeds_4_sizes_20260818_pp_1p8_pc_2p2_cont_4p0_8p0,htmedium,htm00564800,0.6837,52,60,0.8667,0.7757,True,15.5479,120,120,1.0000,0.6101,False,False,rejected
htm005648,15082026_16k_production_4_seeds_4_sizes_20260818_pp_1p8_pc_2p2_cont_4p0_8p0,htmedium,htm00564801,0.8324,49,60,0.8167,0.6989,True,14.7692,120,120,1.0000,0.3497,False,False,rejected
htx007045,15082026_16k_production_4_seeds_4_sizes_20260818_pp_1p8_pc_2p2_cont_4p0_8p0,htxlarge,htx00704505,0.6072,79,86,0.9186,0.7682,True,14.8858,172,172,1.0000,0.2960,False,False,rejected
htx007045,15082026_16k_production_4_seeds_4_sizes_20260818_pp_1p8_pc_2p2_cont_4p0_8p0,htxlarge,htx00704508,0.5420,80,86,0.9302,0.8018,True,14.9381,172,172,1.0000,0.2701,False,False,rejected
htx007066,15082026_16k_production_4_seeds_4_sizes_20260818_pp_1p8_pc_2p2_cont_4p0_8p0,htxlarge,htx00706601,0.8049,69,79,0.8734,0.6763,True,15.8179,158,158,1.0000,0.2116,False,False,rejected
htx007066,15082026_16k_production_4_seeds_4_sizes_20260818_pp_1p8_pc_2p2_cont_4p0_8p0,htxlarge,htx00706609,1.0998,72,79,0.9114,0.6687,True,0.0867,3,158,0.0190,0.3185,False,False,rejected
htx007168,15082026_16k_production_4_seeds_4_sizes_20260818_pp_1p8_pc_2p2_cont_4p0_8p0,htxlarge,htx00716802,0.6354,73,78,0.9359,0.6837,True,17.0117,156,156,1.0000,0.3535,False,False,rejected
htx007168,15082026_16k_production_4_seeds_4_sizes_20260818_pp_1p8_pc_2p2_cont_4p0_8p0,htxlarge,htx00716813,0.5915,74,78,0.9487,0.7171,True,21.4420,156,156,1.0000,0.5662,False,False,rejected
htx007203,15082026_16k_production_4_seeds_4_sizes_20260818_pp_1p8_pc_2p2_cont_4p0_8p0,htxlarge,htx00720304,0.7737,75,89,0.8427,0.7537,True,23.0609,178,178,1.0000,0.4407,False,False,rejected
htx007309,15082026_16k_production_4_seeds_4_sizes_20260818_pp_1p8_pc_2p2_cont_4p0_8p0,htxlarge,htx00730900,0.7946,72,89,0.8090,0.6955,True,16.0429,178,178,1.0000,0.1799,False,False,rejected
htx007309,15082026_16k_production_4_seeds_4_sizes_20260818_pp_1p8_pc_2p2_cont_4p0_8p0,htxlarge,htx00730902,0.7871,75,89,0.8427,0.7678,True,21.7879,178,178,1.0000,0.2691,False,False,rejected
htx007376,15082026_16k_production_4_seeds_4_sizes_20260818_pp_1p8_pc_2p2_cont_4p0_8p0,htxlarge,htx00737600,0.7692,78,90,0.8667,0.7634,True,14.9834,180,180,1.0000,0.2921,False,False,rejected
htx007376,15082026_16k_production_4_seeds_4_sizes_20260818_pp_1p8_pc_2p2_cont_4p0_8p0,htxlarge,htx00737608,0.7778,79,90,0.8778,0.8098,True,15.2591,180,180,1.0000,0.2738,False,False,rejected
htx007682,15082026_16k_production_4_seeds_4_sizes_20260818_pp_1p8_pc_2p2_cont_4p0_8p0,htxlarge,htx00768210,0.7656,82,91,0.9011,0.8385,True,16.2213,182,182,1.0000,0.1990,False,False,rejected
htx007701,15082026_16k_production_4_seeds_4_sizes_20260818_pp_1p8_pc_2p2_cont_4p0_8p0,htxlarge,htx00770105,0.8013,69,81,0.8519,0.6922,True,15.7131,162,162,1.0000,0.3181,False,False,rejected
htx007785,15082026_16k_production_4_seeds_4_sizes_20260818_pp_1p8_pc_2p2_cont_4p0_8p0,htxlarge,htx00778503,0.7645,65,81,0.8025,0.6940,True,15.0720,162,162,1.0000,0.2837,False,False,rejected
htx007908,15082026_16k_production_4_seeds_4_sizes_20260818_pp_1p8_pc_2p2_cont_4p0_8p0,htxlarge,htx00790800,0.9227,78,89,0.8764,0.8029,True,15.2639,178,178,1.0000,0.2383,False,False,rejected
htx007908,15082026_16k_production_4_seeds_4_sizes_20260818_pp_1p8_pc_2p2_cont_4p0_8p0,htxlarge,htx00790807,0.7420,82,89,0.9213,0.8048,True,14.7334,178,178,1.0000,0.1810,False,False,rejected
htx007908,15082026_16k_production_4_seeds_4_sizes_20260818_pp_1p8_pc_2p2_cont_4p0_8p0,htxlarge,htx00790809,0.8658,79,89,0.8876,0.7655,True,14.4574,178,178,1.0000,0.2121,False,False,rejected
shl010182,15082026_16k_production_4_seeds_4_sizes_20260818_pp_1p8_pc_2p2_cont_4p0_8p0,shlarge,shl01018205,0.7250,94,95,0.9895,0.7977,True,17.3853,190,190,1.0000,0.2826,False,False,rejected
shl010182,15082026_16k_production_4_seeds_4_sizes_20260818_pp_1p8_pc_2p2_cont_4p0_8p0,shlarge,shl01018206,0.7219,91,95,0.9579,0.8446,True,16.4901,190,190,1.0000,0.4395,False,False,rejected
shl010228,15082026_16k_production_4_seeds_4_sizes_20260818_pp_1p8_pc_2p2_cont_4p0_8p0,shlarge,shl01022805,1.0852,93,115,0.8087,0.7070,True,0.7031,5,230,0.0217,0.3965,False,False,rejected
shl010293,15082026_16k_production_4_seeds_4_sizes_20260818_pp_1p8_pc_2p2_cont_4p0_8p0,shlarge,shl01029303,1.0308,87,104,0.8365,0.6948,True,16.7561,208,208,1.0000,0.2478,False,False,rejected
shl010293,15082026_16k_production_4_seeds_4_sizes_20260818_pp_1p8_pc_2p2_cont_4p0_8p0,shlarge,shl01029314,1.0387,93,104,0.8942,0.6127,True,16.4226,208,208,1.0000,0.2665,False,False,rejected
shl010703,15082026_16k_production_4_seeds_4_sizes_20260818_pp_1p8_pc_2p2_cont_4p0_8p0,shlarge,shl01070306,0.9191,103,110,0.9364,0.5662,True,16.5416,220,220,1.0000,0.3009,False,False,rejected
shl010890,15082026_16k_production_4_seeds_4_sizes_20260818_pp_1p8_pc_2p2_cont_4p0_8p0,shlarge,shl01089007,0.7553,113,116,0.9741,0.7726,True,0.8194,3,232,0.0129,0.7864,False,False,rejected
shl010903,15082026_16k_production_4_seeds_4_sizes_20260818_pp_1p8_pc_2p2_cont_4p0_8p0,shlarge,shl01090303,0.7761,95,115,0.8261,0.7628,True,18.7268,230,230,1.0000,0.4040,False,False,rejected
shl010935,15082026_16k_production_4_seeds_4_sizes_20260818_pp_1p8_pc_2p2_cont_4p0_8p0,shlarge,shl01093503,0.6525,104,104,1.0000,0.7664,True,24.4086,208,208,1.0000,0.6249,False,False,rejected
shl010935,15082026_16k_production_4_seeds_4_sizes_20260818_pp_1p8_pc_2p2_cont_4p0_8p0,shlarge,shl01093507,0.7072,104,104,1.0000,0.8690,True,17.4994,208,208,1.0000,0.4868,False,False,rejected
shm009194,15082026_16k_production_4_seeds_4_sizes_20260818_pp_1p8_pc_2p2_cont_4p0_8p0,shmedium,shm00919408,0.6786,94,97,0.9691,0.7223,True,20.1118,194,194,1.0000,0.3625,False,False,rejected
shm009822,15082026_16k_production_4_seeds_4_sizes_20260818_pp_1p8_pc_2p2_cont_4p0_8p0,shmedium,shm00982203,0.5938,93,101,0.9208,0.7620,True,17.8677,202,202,1.0000,0.2132,False,False,rejected
shs008438,15082026_16k_production_4_seeds_4_sizes_20260818_pp_1p8_pc_2p2_cont_4p0_8p0,shsmall,shs00843809,0.8778,76,82,0.9268,0.7709,True,19.8237,164,164,1.0000,0.1645,False,False,rejected
shs008438,15082026_16k_production_4_seeds_4_sizes_20260818_pp_1p8_pc_2p2_cont_4p0_8p0,shsmall,shs00843814,0.8361,77,82,0.9390,0.7164,True,18.3046,164,164,1.0000,0.1413,False,False,rejected
shs008489,15082026_16k_production_4_seeds_4_sizes_20260818_pp_1p8_pc_2p2_cont_4p0_8p0,shsmall,shs00848913,1.0012,75,86,0.8721,0.6706,True,19.8505,172,172,1.0000,0.5421,False,False,rejected
shs008988,15082026_16k_production_4_seeds_4_sizes_20260818_pp_1p8_pc_2p2_cont_4p0_8p0,shsmall,shs00898815,0.7554,78,79,0.9873,0.6777,True,17.1578,158,158,1.0000,0.1390,False,False,rejected
shx011402,15082026_16k_production_4_seeds_4_sizes_20260818_pp_1p8_pc_2p2_cont_4p0_8p0,shxlarge,shx01140206,0.5127,94,117,0.8034,0.7730,True,17.2497,234,234,1.0000,0.3797,False,False,rejected
shx011491,15082026_16k_production_4_seeds_4_sizes_20260818_pp_1p8_pc_2p2_cont_4p0_8p0,shxlarge,shx01149103,0.8764,100,121,0.8264,0.6800,True,18.6981,242,242,1.0000,0.4683,False,False,rejected
shx011491,15082026_16k_production_4_seeds_4_sizes_20260818_pp_1p8_pc_2p2_cont_4p0_8p0,shxlarge,shx01149106,0.8964,111,121,0.9174,0.6768,True,27.9612,242,242,1.0000,0.8527,False,False,rejected
shx011491,15082026_16k_production_4_seeds_4_sizes_20260818_pp_1p8_pc_2p2_cont_4p0_8p0,shxlarge,shx01149107,0.9153,102,121,0.8430,0.6159,True,16.6864,242,242,1.0000,0.1455,False,False,rejected
shx011619,15082026_16k_production_4_seeds_4_sizes_20260818_pp_1p8_pc_2p2_cont_4p0_8p0,shxlarge,shx01161900,0.7811,101,122,0.8279,0.7721,True,16.3870,244,244,1.0000,0.1820,False,False,rejected
shx011619,15082026_16k_production_4_seeds_4_sizes_20260818_pp_1p8_pc_2p2_cont_4p0_8p0,shxlarge,shx01161906,0.8886,105,122,0.8607,0.7998,True,16.8127,244,244,1.0000,0.2863,False,False,rejected
shx011848,15082026_16k_production_4_seeds_4_sizes_20260818_pp_1p8_pc_2p2_cont_4p0_8p0,shxlarge,shx01184805,1.0039,94,112,0.8393,0.6105,True,16.7079,224,224,1.0000,0.1387,False,False,rejected
shx011974,15082026_16k_production_4_seeds_4_sizes_20260818_pp_1p8_pc_2p2_cont_4p0_8p0,shxlarge,shx01197410,0.9282,114,119,0.9580,0.6338,True,16.0442,238,238,1.0000,0.3037,False,False,rejected
thl002086,15082026_16k_production_4_seeds_4_sizes_20260818_pp_1p8_pc_2p2_cont_4p0_8p0,thlarge,thl00208612,1.0059,95,108,0.8796,0.6818,True,18.4679,216,216,1.0000,0.5489,False,False,rejected
thl002551,15082026_16k_production_4_seeds_4_sizes_20260818_pp_1p8_pc_2p2_cont_4p0_8p0,thlarge,thl00255107,0.5226,97,98,0.9898,0.7809,True,25.2402,196,196,1.0000,0.4104,False,False,rejected
thm001080,15082026_16k_production_4_seeds_4_sizes_20260818_pp_1p8_pc_2p2_cont_4p0_8p0,thmedium,thm00108006,0.6572,99,99,1.0000,0.8264,True,0.3379,21,198,0.1061,0.2872,False,False,rejected
thm001080,15082026_16k_production_4_seeds_4_sizes_20260818_pp_1p8_pc_2p2_cont_4p0_8p0,thmedium,thm00108007,0.6246,95,99,0.9596,0.7722,True,17.8006,198,198,1.0000,0.8101,False,False,rejected
thm001131,15082026_16k_production_4_seeds_4_sizes_20260818_pp_1p8_pc_2p2_cont_4p0_8p0,thmedium,thm00113107,0.9826,84,98,0.8571,0.6191,True,20.4042,196,196,1.0000,0.3437,False,False,rejected
thm001131,15082026_16k_production_4_seeds_4_sizes_20260818_pp_1p8_pc_2p2_cont_4p0_8p0,thmedium,thm00113113,0.7831,98,98,1.0000,0.6597,True,23.0458,196,196,1.0000,0.4068,False,False,rejected
thm001131,15082026_16k_production_4_seeds_4_sizes_20260818_pp_1p8_pc_2p2_cont_4p0_8p0,thmedium,thm00113114,0.6660,98,98,1.0000,0.7249,True,16.4050,196,196,1.0000,0.1991,False,False,rejected
thm001139,15082026_16k_production_4_seeds_4_sizes_20260818_pp_1p8_pc_2p2_cont_4p0_8p0,thmedium,thm00113900,1.0119,78,91,0.8571,0.8166,True,18.3964,182,182,1.0000,0.8334,False,False,rejected
thm001139,15082026_16k_production_4_seeds_4_sizes_20260818_pp_1p8_pc_2p2_cont_4p0_8p0,thmedium,thm00113907,0.8843,75,91,0.8242,0.7933,True,15.7269,182,182,1.0000,0.4188,False,False,rejected
thm001139,15082026_16k_production_4_seeds_4_sizes_20260818_pp_1p8_pc_2p2_cont_4p0_8p0,thmedium,thm00113914,0.8820,83,91,0.9121,0.7586,True,0.1795,3,182,0.0165,0.2280,False,False,rejected
thm001191,15082026_16k_production_4_seeds_4_sizes_20260818_pp_1p8_pc_2p2_cont_4p0_8p0,thmedium,thm00119104,0.7301,81,88,0.9205,0.7573,True,22.3193,176,176,1.0000,0.4657,False,False,rejected
thm001269,15082026_16k_production_4_seeds_4_sizes_20260818_pp_1p8_pc_2p2_cont_4p0_8p0,thmedium,thm00126905,0.9357,83,90,0.9222,0.6552,True,0.4369,22,180,0.1222,0.2730,False,False,rejected
thm001436,15082026_16k_production_4_seeds_4_sizes_20260818_pp_1p8_pc_2p2_cont_4p0_8p0,thmedium,thm00143607,0.5502,94,96,0.9792,0.7565,True,15.6593,192,192,1.0000,0.2529,False,False,rejected
thm001436,15082026_16k_production_4_seeds_4_sizes_20260818_pp_1p8_pc_2p2_cont_4p0_8p0,thmedium,thm00143614,0.7125,91,96,0.9479,0.7995,True,21.1035,192,192,1.0000,0.4245,False,False,rejected
thm001663,15082026_16k_production_4_seeds_4_sizes_20260818_pp_1p8_pc_2p2_cont_4p0_8p0,thmedium,thm00166305,0.7609,70,80,0.8750,0.7203,True,20.1269,160,160,1.0000,0.4349,False,False,rejected
thm001663,15082026_16k_production_4_seeds_4_sizes_20260818_pp_1p8_pc_2p2_cont_4p0_8p0,thmedium,thm00166314,0.8833,75,80,0.9375,0.7946,True,19.9205,160,160,1.0000,0.3225,False,False,rejected
thm001676,15082026_16k_production_4_seeds_4_sizes_20260818_pp_1p8_pc_2p2_cont_4p0_8p0,thmedium,thm00167606,0.6332,74,89,0.8315,0.7532,True,22.4256,178,178,1.0000,0.5496,False,False,rejected
thm001694,15082026_16k_production_4_seeds_4_sizes_20260818_pp_1p8_pc_2p2_cont_4p0_8p0,thmedium,thm00169402,0.9160,79,91,0.8681,0.6603,True,16.1538,182,182,1.0000,0.2668,False,False,rejected
thm001736,15082026_16k_production_4_seeds_4_sizes_20260818_pp_1p8_pc_2p2_cont_4p0_8p0,thmedium,thm00173610,0.7576,80,90,0.8889,0.8137,True,19.4719,180,180,1.0000,0.2018,False,False,rejected
thm001736,15082026_16k_production_4_seeds_4_sizes_20260818_pp_1p8_pc_2p2_cont_4p0_8p0,thmedium,thm00173613,0.8704,80,90,0.8889,0.7412,True,0.7520,19,180,0.1056,0.3021,False,False,rejected
thm001846,15082026_16k_production_4_seeds_4_sizes_20260818_pp_1p8_pc_2p2_cont_4p0_8p0,thmedium,thm00184601,0.8252,77,85,0.9059,0.7502,True,16.6998,170,170,1.0000,0.1863,False,False,rejected
thm001846,15082026_16k_production_4_seeds_4_sizes_20260818_pp_1p8_pc_2p2_cont_4p0_8p0,thmedium,thm00184603,0.9502,82,85,0.9647,0.6264,True,1.1774,7,170,0.0412,0.3800,False,False,rejected
thm001930,15082026_16k_production_4_seeds_4_sizes_20260818_pp_1p8_pc_2p2_cont_4p0_8p0,thmedium,thm00193014,0.7895,72,89,0.8090,0.7257,True,0.4144,4,178,0.0225,0.2401,False,False,rejected
thm001940,15082026_16k_production_4_seeds_4_sizes_20260818_pp_1p8_pc_2p2_cont_4p0_8p0,thmedium,thm00194009,0.7360,93,93,1.0000,0.6901,True,29.8125,186,186,1.0000,0.2312,False,False,rejected
thm001975,15082026_16k_production_4_seeds_4_sizes_20260818_pp_1p8_pc_2p2_cont_4p0_8p0,thmedium,thm00197515,0.6117,85,96,0.8854,0.6546,True,22.2925,192,192,1.0000,0.5851,False,False,rejected
thm001994,15082026_16k_production_4_seeds_4_sizes_20260818_pp_1p8_pc_2p2_cont_4p0_8p0,thmedium,thm00199407,0.6045,91,94,0.9681,0.6967,True,20.7325,188,188,1.0000,0.2327,False,False,rejected
ths000006,15082026_16k_production_4_seeds_4_sizes_20260818_pp_1p8_pc_2p2_cont_4p0_8p0,thsmall,ths00000615,0.9515,76,89,0.8539,0.7045,True,16.6748,178,178,1.0000,0.4910,False,False,rejected
ths000053,15082026_16k_production_4_seeds_4_sizes_20260818_pp_1p8_pc_2p2_cont_4p0_8p0,thsmall,ths00005311,0.6598,73,74,0.9865,0.7599,True,20.5570,148,148,1.0000,0.4092,False,False,rejected
ths000075,15082026_16k_production_4_seeds_4_sizes_20260818_pp_1p8_pc_2p2_cont_4p0_8p0,thsmall,ths00007506,0.8711,69,75,0.9200,0.7396,True,18.0044,150,150,1.0000,0.1575,False,False,rejected
ths000075,15082026_16k_production_4_seeds_4_sizes_20260818_pp_1p8_pc_2p2_cont_4p0_8p0,thsmall,ths00007507,0.6719,71,75,0.9467,0.5809,True,16.1646,150,150,1.0000,0.3628,False,False,rejected
ths000075,15082026_16k_production_4_seeds_4_sizes_20260818_pp_1p8_pc_2p2_cont_4p0_8p0,thsmall,ths00007508,0.9329,65,73,0.8904,0.7336,True,15.9660,146,146,1.0000,0.1880,False,False,rejected
ths000096,15082026_16k_production_4_seeds_4_sizes_20260818_pp_1p8_pc_2p2_cont_4p0_8p0,thsmall,ths00009611,1.1448,75,79,0.9494,0.6196,True,15.5032,158,158,1.0000,0.6417,False,False,rejected
ths000111,15082026_16k_production_4_seeds_4_sizes_20260818_pp_1p8_pc_2p2_cont_4p0_8p0,thsmall,ths00011115,0.7520,62,70,0.8857,0.6547,True,15.5023,140,140,1.0000,0.3564,False,False,rejected
ths000163,15082026_16k_production_4_seeds_4_sizes_20260818_pp_1p8_pc_2p2_cont_4p0_8p0,thsmall,ths00016302,0.6607,80,84,0.9524,0.7561,True,24.7933,168,168,1.0000,0.4777,False,False,rejected
ths000163,15082026_16k_production_4_seeds_4_sizes_20260818_pp_1p8_pc_2p2_cont_4p0_8p0,thsmall,ths00016308,0.9504,73,84,0.8690,0.7503,True,17.8779,168,168,1.0000,0.1480,False,False,rejected
ths000199,15082026_16k_production_4_seeds_4_sizes_20260818_pp_1p8_pc_2p2_cont_4p0_8p0,thsmall,ths00019909,0.7664,82,90,0.9111,0.7795,True,16.8832,180,180,1.0000,0.2056,False,False,rejected
ths000250,15082026_16k_production_4_seeds_4_sizes_20260818_pp_1p8_pc_2p2_cont_4p0_8p0,thsmall,ths00025008,0.8289,70,84,0.8333,0.7314,True,16.2400,168,168,1.0000,0.6019,False,False,rejected
ths000250,15082026_16k_production_4_seeds_4_sizes_20260818_pp_1p8_pc_2p2_cont_4p0_8p0,thsmall,ths00025014,0.7915,80,84,0.9524,0.7155,True,16.2343,168,168,1.0000,0.1641,False,False,rejected
ths000250,15082026_16k_production_4_seeds_4_sizes_20260818_pp_1p8_pc_2p2_cont_4p0_8p0,thsmall,ths00025015,0.9137,76,84,0.9048,0.8012,True,16.5559,168,168,1.0000,0.2681,False,False,rejected
ths000284,15082026_16k_production_4_seeds_4_sizes_20260818_pp_1p8_pc_2p2_cont_4p0_8p0,thsmall,ths00028404,0.8322,74,78,0.9487,0.7237,True,19.0408,156,156,1.0000,0.3254,False,False,rejected
ths000315,15082026_16k_production_4_seeds_4_sizes_20260818_pp_1p8_pc_2p2_cont_4p0_8p0,thsmall,ths00031504,1.1860,71,80,0.8875,0.7246,True,16.2412,160,160,1.0000,0.2803,False,False,rejected
ths000315,15082026_16k_production_4_seeds_4_sizes_20260818_pp_1p8_pc_2p2_cont_4p0_8p0,thsmall,ths00031515,0.9348,75,80,0.9375,0.7041,True,19.2541,160,160,1.0000,0.2544,False,False,rejected
ths000346,15082026_16k_production_4_seeds_4_sizes_20260818_pp_1p8_pc_2p2_cont_4p0_8p0,thsmall,ths00034603,0.5960,74,74,1.0000,0.8123,True,15.4735,148,148,1.0000,0.3680,False,False,rejected
ths000346,15082026_16k_production_4_seeds_4_sizes_20260818_pp_1p8_pc_2p2_cont_4p0_8p0,thsmall,ths00034612,0.6624,73,74,0.9865,0.6867,True,21.9800,148,148,1.0000,0.7641,False,False,rejected
ths000363,15082026_16k_production_4_seeds_4_sizes_20260818_pp_1p8_pc_2p2_cont_4p0_8p0,thsmall,ths00036306,0.6297,63,77,0.8182,0.4388,True,20.2673,154,154,1.0000,0.3259,False,False,rejected
ths000473,15082026_16k_production_4_seeds_4_sizes_20260818_pp_1p8_pc_2p2_cont_4p0_8p0,thsmall,ths00047300,0.9950,73,77,0.9481,0.6765,True,15.3250,154,154,1.0000,0.2216,False,False,rejected
ths000473,15082026_16k_production_4_seeds_4_sizes_20260818_pp_1p8_pc_2p2_cont_4p0_8p0,thsmall,ths00047315,0.8106,69,77,0.8961,0.6521,True,16.2399,154,154,1.0000,0.2525,False,False,rejected
ths000488,15082026_16k_production_4_seeds_4_sizes_20260818_pp_1p8_pc_2p2_cont_4p0_8p0,thsmall,ths00048800,1.0887,75,87,0.8621,0.6708,True,13.4612,174,174,1.0000,0.1518,False,False,rejected
ths000507,15082026_16k_production_4_seeds_4_sizes_20260818_pp_1p8_pc_2p2_cont_4p0_8p0,thsmall,ths00050711,0.6511,72,80,0.9000,0.7335,True,17.9976,160,160,1.0000,0.3216,False,False,rejected
ths000510,15082026_16k_production_4_seeds_4_sizes_20260818_pp_1p8_pc_2p2_cont_4p0_8p0,thsmall,ths00051006,1.0359,72,80,0.9000,0.6256,True,19.3457,160,160,1.0000,0.1824,False,False,rejected
ths000626,15082026_16k_production_4_seeds_4_sizes_20260818_pp_1p8_pc_2p2_cont_4p0_8p0,thsmall,ths00062604,0.9177,61,76,0.8026,0.5665,True,19.5243,152,152,1.0000,0.2921,False,False,rejected
ths000630,15082026_16k_production_4_seeds_4_sizes_20260818_pp_1p8_pc_2p2_cont_4p0_8p0,thsmall,ths00063000,0.6812,72,72,1.0000,0.6810,True,17.6551,144,144,1.0000,0.1765,False,False,rejected
ths000630,15082026_16k_production_4_seeds_4_sizes_20260818_pp_1p8_pc_2p2_cont_4p0_8p0,thsmall,ths00063003,1.1310,62,72,0.8611,0.6618,True,16.8170,144,144,1.0000,0.2186,False,False,rejected
ths000892,15082026_16k_production_4_seeds_4_sizes_20260818_pp_1p8_pc_2p2_cont_4p0_8p0,thsmall,ths00089214,1.0551,66,76,0.8684,0.5271,True,20.1923,152,152,1.0000,0.2889,False,False,rejected
