sequence_id,protein_id,experiment_name,group,time_stamp,score,length,ala_content,gly_content,other_content,status
hsx01503915,hsx015039,15082026_16k_production_4_seeds_4_sizes,hsxlarge,2026-09-21T00:19:49+00:00,1.3706,92,0.1630,0.1957,0.6413,KEPT
hsx01503910,hsx015039,15082026_16k_production_4_seeds_4_sizes,hsxlarge,2026-09-21T00:19:49+00:00,1.3721,92,0.1522,0.1957,0.6522,KEPT
hsx01503916,hsx015039,15082026_16k_production_4_seeds_4_sizes,hsxlarge,2026-09-21T00:19:49+00:00,1.4124,92,0.0978,0.1739,0.7283,KEPT
hsx01503914,hsx015039,15082026_16k_production_4_seeds_4_sizes,hsxlarge,2026-09-21T00:19:49+00:00,1.4212,92,0.1087,0.1739,0.7174,NOT_KEPT
hsx01503908,hsx015039,15082026_16k_production_4_seeds_4_sizes,hsxlarge,2026-09-21T00:19:49+00:00,1.4333,92,0.1087,0.1739,0.7174,NOT_KEPT
hsx01503913,hsx015039,15082026_16k_production_4_seeds_4_sizes,hsxlarge,2026-09-21T00:19:49+00:00,1.4349,92,0.1087,0.1739,0.7174,NOT_KEPT
hsx01503912,hsx015039,15082026_16k_production_4_seeds_4_sizes,hsxlarge,2026-09-21T00:19:49+00:00,1.4429,92,0.0978,0.1630,0.7391,NOT_KEPT
hsx01503906,hsx015039,15082026_16k_production_4_seeds_4_sizes,hsxlarge,2026-09-21T00:19:49+00:00,1.4486,92,0.0870,0.1739,0.7391,NOT_KEPT
hsx01503909,hsx015039,15082026_16k_production_4_seeds_4_sizes,hsxlarge,2026-09-21T00:19:49+00:00,1.4648,92,0.0761,0.1522,0.7717,NOT_KEPT
hsx01503901,hsx015039,15082026_16k_production_4_seeds_4_sizes,hsxlarge,2026-09-21T00:19:49+00:00,1.4687,92,0.1196,0.1630,0.7174,NOT_KEPT
hsx01503907,hsx015039,15082026_16k_production_4_seeds_4_sizes,hsxlarge,2026-09-21T00:19:49+00:00,1.4935,92,0.0543,0.1630,0.7826,NOT_KEPT
hsx01503905,hsx015039,15082026_16k_production_4_seeds_4_sizes,hsxlarge,2026-09-21T00:19:49+00:00,1.5003,92,0.0978,0.1522,0.7500,NOT_KEPT
hsx01503903,hsx015039,15082026_16k_production_4_seeds_4_sizes,hsxlarge,2026-09-21T00:19:49+00:00,1.5033,92,0.0761,0.1739,0.7500,NOT_KEPT
hsx01503904,hsx015039,15082026_16k_production_4_seeds_4_sizes,hsxlarge,2026-09-21T00:19:49+00:00,1.5118,92,0.0652,0.1739,0.7609,NOT_KEPT
hsx01503902,hsx015039,15082026_16k_production_4_seeds_4_sizes,hsxlarge,2026-09-21T00:19:49+00:00,1.517,92,0.0761,0.1957,0.7283,NOT_KEPT
hsx01503911,hsx015039,15082026_16k_production_4_seeds_4_sizes,hsxlarge,2026-09-21T00:19:49+00:00,1.6169,92,0.0435,0.1413,0.8152,NOT_KEPT
hsx01506916,hsx015069,15082026_16k_production_4_seeds_4_sizes,hsxlarge,2026-09-21T00:19:49+00:00,1.0658,86,0.0349,0.0581,0.9070,KEPT
hsx01506913,hsx015069,15082026_16k_production_4_seeds_4_sizes,hsxlarge,2026-09-21T00:19:49+00:00,1.0827,86,0.0465,0.0581,0.8953,KEPT
hsx01506909,hsx015069,15082026_16k_production_4_seeds_4_sizes,hsxlarge,2026-09-21T00:19:49+00:00,1.094,86,0.0465,0.0581,0.8953,KEPT
hsx01506907,hsx015069,15082026_16k_production_4_seeds_4_sizes,hsxlarge,2026-09-21T00:19:49+00:00,1.1284,86,0.0465,0.0698,0.8837,NOT_KEPT
hsx01506914,hsx015069,15082026_16k_production_4_seeds_4_sizes,hsxlarge,2026-09-21T00:19:49+00:00,1.1335,86,0.0349,0.0581,0.9070,NOT_KEPT
hsx01506915,hsx015069,15082026_16k_production_4_seeds_4_sizes,hsxlarge,2026-09-21T00:19:49+00:00,1.1354,86,0.0465,0.0581,0.8953,NOT_KEPT
hsx01506912,hsx015069,15082026_16k_production_4_seeds_4_sizes,hsxlarge,2026-09-21T00:19:49+00:00,1.1363,86,0.0233,0.0581,0.9186,NOT_KEPT
hsx01506904,hsx015069,15082026_16k_production_4_seeds_4_sizes,hsxlarge,2026-09-21T00:19:49+00:00,1.1412,86,0.0233,0.0581,0.9186,NOT_KEPT
hsx01506911,hsx015069,15082026_16k_production_4_seeds_4_sizes,hsxlarge,2026-09-21T00:19:49+00:00,1.1443,86,0.0465,0.0581,0.8953,NOT_KEPT
hsx01506905,hsx015069,15082026_16k_production_4_seeds_4_sizes,hsxlarge,2026-09-21T00:19:49+00:00,1.1479,86,0.0233,0.0581,0.9186,NOT_KEPT
hsx01506908,hsx015069,15082026_16k_production_4_seeds_4_sizes,hsxlarge,2026-09-21T00:19:49+00:00,1.1545,86,0.0233,0.0698,0.9070,NOT_KEPT
hsx01506910,hsx015069,15082026_16k_production_4_seeds_4_sizes,hsxlarge,2026-09-21T00:19:49+00:00,1.1694,86,0.0349,0.0581,0.9070,NOT_KEPT
hsx01506906,hsx015069,15082026_16k_production_4_seeds_4_sizes,hsxlarge,2026-09-21T00:19:49+00:00,1.1723,86,0.0349,0.0581,0.9070,NOT_KEPT
hsx01506903,hsx015069,15082026_16k_production_4_seeds_4_sizes,hsxlarge,2026-09-21T00:19:49+00:00,1.1783,86,0.0349,0.0698,0.8953,NOT_KEPT
hsx01506901,hsx015069,15082026_16k_production_4_seeds_4_sizes,hsxlarge,2026-09-21T00:19:49+00:00,1.206,86,0.0581,0.0698,0.8721,NOT_KEPT
hsx01506902,hsx015069,15082026_16k_production_4_seeds_4_sizes,hsxlarge,2026-09-21T00:19:49+00:00,1.2504,86,0.0349,0.0581,0.9070,NOT_KEPT
hsx01516507,hsx015165,15082026_16k_production_4_seeds_4_sizes,hsxlarge,2026-09-21T00:19:49+00:00,1.0433,98,0.0306,0.0918,0.8776,KEPT
hsx01516511,hsx015165,15082026_16k_production_4_seeds_4_sizes,hsxlarge,2026-09-21T00:19:49+00:00,1.044,98,0.0510,0.1122,0.8367,KEPT
hsx01516509,hsx015165,15082026_16k_production_4_seeds_4_sizes,hsxlarge,2026-09-21T00:19:49+00:00,1.049,98,0.0306,0.1224,0.8469,KEPT
hsx01516505,hsx015165,15082026_16k_production_4_seeds_4_sizes,hsxlarge,2026-09-21T00:19:49+00:00,1.0542,98,0.0408,0.1020,0.8571,NOT_KEPT
hsx01516503,hsx015165,15082026_16k_production_4_seeds_4_sizes,hsxlarge,2026-09-21T00:19:49+00:00,1.0689,98,0.0306,0.1122,0.8571,NOT_KEPT
hsx01516510,hsx015165,15082026_16k_production_4_seeds_4_sizes,hsxlarge,2026-09-21T00:19:49+00:00,1.0735,98,0.0510,0.1020,0.8469,NOT_KEPT
hsx01516513,hsx015165,15082026_16k_production_4_seeds_4_sizes,hsxlarge,2026-09-21T00:19:49+00:00,1.0789,98,0.0306,0.1020,0.8673,NOT_KEPT
hsx01516514,hsx015165,15082026_16k_production_4_seeds_4_sizes,hsxlarge,2026-09-21T00:19:49+00:00,1.1011,98,0.0510,0.0918,0.8571,NOT_KEPT
hsx01516508,hsx015165,15082026_16k_production_4_seeds_4_sizes,hsxlarge,2026-09-21T00:19:49+00:00,1.1048,98,0.0510,0.0918,0.8571,NOT_KEPT
hsx01516516,hsx015165,15082026_16k_production_4_seeds_4_sizes,hsxlarge,2026-09-21T00:19:49+00:00,1.1082,98,0.0510,0.1122,0.8367,NOT_KEPT
hsx01516501,hsx015165,15082026_16k_production_4_seeds_4_sizes,hsxlarge,2026-09-21T00:19:49+00:00,1.1178,98,0.0306,0.1020,0.8673,NOT_KEPT
hsx01516502,hsx015165,15082026_16k_production_4_seeds_4_sizes,hsxlarge,2026-09-21T00:19:49+00:00,1.1186,98,0.0408,0.1122,0.8469,NOT_KEPT
hsx01516506,hsx015165,15082026_16k_production_4_seeds_4_sizes,hsxlarge,2026-09-21T00:19:49+00:00,1.1319,98,0.0306,0.1122,0.8571,NOT_KEPT
hsx01516515,hsx015165,15082026_16k_production_4_seeds_4_sizes,hsxlarge,2026-09-21T00:19:49+00:00,1.1478,98,0.0306,0.1122,0.8571,NOT_KEPT
hsx01516512,hsx015165,15082026_16k_production_4_seeds_4_sizes,hsxlarge,2026-09-21T00:19:49+00:00,1.1483,98,0.0510,0.1020,0.8469,NOT_KEPT
hsx01516504,hsx015165,15082026_16k_production_4_seeds_4_sizes,hsxlarge,2026-09-21T00:19:49+00:00,1.2034,98,0.0306,0.1020,0.8673,NOT_KEPT
hsx01531305,hsx015313,15082026_16k_production_4_seeds_4_sizes,hsxlarge,2026-09-21T00:19:49+00:00,1.1395,88,0.1136,0.0909,0.7955,KEPT
hsx01531302,hsx015313,15082026_16k_production_4_seeds_4_sizes,hsxlarge,2026-09-21T00:19:49+00:00,1.1411,88,0.1023,0.1023,0.7955,KEPT
hsx01531307,hsx015313,15082026_16k_production_4_seeds_4_sizes,hsxlarge,2026-09-21T00:19:49+00:00,1.1448,88,0.1023,0.1023,0.7955,KEPT
hsx01531304,hsx015313,15082026_16k_production_4_seeds_4_sizes,hsxlarge,2026-09-21T00:19:49+00:00,1.1462,88,0.0909,0.0909,0.8182,NOT_KEPT
hsx01531306,hsx015313,15082026_16k_production_4_seeds_4_sizes,hsxlarge,2026-09-21T00:19:49+00:00,1.153,88,0.1136,0.0909,0.7955,NOT_KEPT
hsx01531308,hsx015313,15082026_16k_production_4_seeds_4_sizes,hsxlarge,2026-09-21T00:19:49+00:00,1.1562,88,0.1023,0.1136,0.7841,NOT_KEPT
hsx01531315,hsx015313,15082026_16k_production_4_seeds_4_sizes,hsxlarge,2026-09-21T00:19:49+00:00,1.1663,88,0.1136,0.0909,0.7955,NOT_KEPT
hsx01531310,hsx015313,15082026_16k_production_4_seeds_4_sizes,hsxlarge,2026-09-21T00:19:49+00:00,1.1695,88,0.1023,0.1023,0.7955,NOT_KEPT
hsx01531316,hsx015313,15082026_16k_production_4_seeds_4_sizes,hsxlarge,2026-09-21T00:19:49+00:00,1.197,88,0.1023,0.0909,0.8068,NOT_KEPT
hsx01531313,hsx015313,15082026_16k_production_4_seeds_4_sizes,hsxlarge,2026-09-21T00:19:49+00:00,1.2004,88,0.1023,0.0909,0.8068,NOT_KEPT
hsx01531309,hsx015313,15082026_16k_production_4_seeds_4_sizes,hsxlarge,2026-09-21T00:19:49+00:00,1.2151,88,0.1364,0.1136,0.7500,NOT_KEPT
hsx01531301,hsx015313,15082026_16k_production_4_seeds_4_sizes,hsxlarge,2026-09-21T00:19:49+00:00,1.2236,88,0.0795,0.0909,0.8295,NOT_KEPT
hsx01531312,hsx015313,15082026_16k_production_4_seeds_4_sizes,hsxlarge,2026-09-21T00:19:49+00:00,1.2377,88,0.1023,0.0909,0.8068,NOT_KEPT
hsx01531314,hsx015313,15082026_16k_production_4_seeds_4_sizes,hsxlarge,2026-09-21T00:19:49+00:00,1.2418,88,0.1477,0.0909,0.7614,NOT_KEPT
hsx01531303,hsx015313,15082026_16k_production_4_seeds_4_sizes,hsxlarge,2026-09-21T00:19:49+00:00,1.257,88,0.1023,0.1023,0.7955,NOT_KEPT
hsx01531311,hsx015313,15082026_16k_production_4_seeds_4_sizes,hsxlarge,2026-09-21T00:19:49+00:00,1.2794,88,0.1023,0.0909,0.8068,NOT_KEPT
hsx01540613,hsx015406,15082026_16k_production_4_seeds_4_sizes,hsxlarge,2026-09-21T00:19:49+00:00,1.1023,91,0.0989,0.0989,0.8022,KEPT
hsx01540612,hsx015406,15082026_16k_production_4_seeds_4_sizes,hsxlarge,2026-09-21T00:19:49+00:00,1.1255,91,0.0549,0.1099,0.8352,KEPT
hsx01540609,hsx015406,15082026_16k_production_4_seeds_4_sizes,hsxlarge,2026-09-21T00:19:49+00:00,1.1373,91,0.0879,0.1209,0.7912,KEPT
hsx01540616,hsx015406,15082026_16k_production_4_seeds_4_sizes,hsxlarge,2026-09-21T00:19:49+00:00,1.1468,91,0.0659,0.1099,0.8242,NOT_KEPT
hsx01540605,hsx015406,15082026_16k_production_4_seeds_4_sizes,hsxlarge,2026-09-21T00:19:49+00:00,1.1489,91,0.0549,0.1099,0.8352,NOT_KEPT
hsx01540614,hsx015406,15082026_16k_production_4_seeds_4_sizes,hsxlarge,2026-09-21T00:19:49+00:00,1.1758,91,0.1429,0.0989,0.7582,NOT_KEPT
hsx01540608,hsx015406,15082026_16k_production_4_seeds_4_sizes,hsxlarge,2026-09-21T00:19:49+00:00,1.1884,91,0.0769,0.1099,0.8132,NOT_KEPT
hsx01540615,hsx015406,15082026_16k_production_4_seeds_4_sizes,hsxlarge,2026-09-21T00:19:49+00:00,1.1916,91,0.0549,0.1099,0.8352,NOT_KEPT
hsx01540610,hsx015406,15082026_16k_production_4_seeds_4_sizes,hsxlarge,2026-09-21T00:19:49+00:00,1.2051,91,0.0659,0.0989,0.8352,NOT_KEPT
hsx01540611,hsx015406,15082026_16k_production_4_seeds_4_sizes,hsxlarge,2026-09-21T00:19:49+00:00,1.2112,91,0.0659,0.0989,0.8352,NOT_KEPT
hsx01540606,hsx015406,15082026_16k_production_4_seeds_4_sizes,hsxlarge,2026-09-21T00:19:49+00:00,1.2203,91,0.0659,0.0989,0.8352,NOT_KEPT
hsx01540603,hsx015406,15082026_16k_production_4_seeds_4_sizes,hsxlarge,2026-09-21T00:19:49+00:00,1.2212,91,0.0769,0.1209,0.8022,NOT_KEPT
hsx01540604,hsx015406,15082026_16k_production_4_seeds_4_sizes,hsxlarge,2026-09-21T00:19:49+00:00,1.2284,91,0.0769,0.1099,0.8132,NOT_KEPT
hsx01540601,hsx015406,15082026_16k_production_4_seeds_4_sizes,hsxlarge,2026-09-21T00:19:49+00:00,1.2375,91,0.0769,0.1209,0.8022,NOT_KEPT
hsx01540607,hsx015406,15082026_16k_production_4_seeds_4_sizes,hsxlarge,2026-09-21T00:19:49+00:00,1.2384,91,0.0549,0.0989,0.8462,NOT_KEPT
hsx01540602,hsx015406,15082026_16k_production_4_seeds_4_sizes,hsxlarge,2026-09-21T00:19:49+00:00,1.2397,91,0.0549,0.1099,0.8352,NOT_KEPT
hsx01575406,hsx015754,15082026_16k_production_4_seeds_4_sizes,hsxlarge,2026-09-21T00:19:49+00:00,1.0126,92,0.0978,0.1196,0.7826,KEPT
hsx01575412,hsx015754,15082026_16k_production_4_seeds_4_sizes,hsxlarge,2026-09-21T00:19:49+00:00,1.0244,92,0.1087,0.1196,0.7717,KEPT
hsx01575415,hsx015754,15082026_16k_production_4_seeds_4_sizes,hsxlarge,2026-09-21T00:19:49+00:00,1.0277,92,0.0978,0.1196,0.7826,KEPT
hsx01575413,hsx015754,15082026_16k_production_4_seeds_4_sizes,hsxlarge,2026-09-21T00:19:49+00:00,1.0287,92,0.0870,0.1196,0.7935,NOT_KEPT
hsx01575408,hsx015754,15082026_16k_production_4_seeds_4_sizes,hsxlarge,2026-09-21T00:19:49+00:00,1.0299,92,0.1087,0.1196,0.7717,NOT_KEPT
hsx01575404,hsx015754,15082026_16k_production_4_seeds_4_sizes,hsxlarge,2026-09-21T00:19:49+00:00,1.0382,92,0.1196,0.1196,0.7609,NOT_KEPT
hsx01575403,hsx015754,15082026_16k_production_4_seeds_4_sizes,hsxlarge,2026-09-21T00:19:49+00:00,1.0389,92,0.0978,0.1087,0.7935,NOT_KEPT
hsx01575414,hsx015754,15082026_16k_production_4_seeds_4_sizes,hsxlarge,2026-09-21T00:19:49+00:00,1.0444,92,0.0978,0.1196,0.7826,NOT_KEPT
hsx01575401,hsx015754,15082026_16k_production_4_seeds_4_sizes,hsxlarge,2026-09-21T00:19:49+00:00,1.051,92,0.0761,0.1196,0.8043,NOT_KEPT
hsx01575402,hsx015754,15082026_16k_production_4_seeds_4_sizes,hsxlarge,2026-09-21T00:19:49+00:00,1.0634,92,0.0761,0.1196,0.8043,NOT_KEPT
hsx01575410,hsx015754,15082026_16k_production_4_seeds_4_sizes,hsxlarge,2026-09-21T00:19:49+00:00,1.0811,92,0.0761,0.1196,0.8043,NOT_KEPT
hsx01575416,hsx015754,15082026_16k_production_4_seeds_4_sizes,hsxlarge,2026-09-21T00:19:49+00:00,1.0835,92,0.0978,0.1196,0.7826,NOT_KEPT
hsx01575411,hsx015754,15082026_16k_production_4_seeds_4_sizes,hsxlarge,2026-09-21T00:19:49+00:00,1.1006,92,0.0761,0.1087,0.8152,NOT_KEPT
hsx01575405,hsx015754,15082026_16k_production_4_seeds_4_sizes,hsxlarge,2026-09-21T00:19:49+00:00,1.1051,92,0.0870,0.1196,0.7935,NOT_KEPT
hsx01575409,hsx015754,15082026_16k_production_4_seeds_4_sizes,hsxlarge,2026-09-21T00:19:49+00:00,1.1625,92,0.1087,0.1304,0.7609,NOT_KEPT
hsx01575407,hsx015754,15082026_16k_production_4_seeds_4_sizes,hsxlarge,2026-09-21T00:19:49+00:00,1.1849,92,0.0761,0.1087,0.8152,NOT_KEPT
hsx01586406,hsx015864,15082026_16k_production_4_seeds_4_sizes,hsxlarge,2026-09-21T00:19:49+00:00,1.0616,82,0.0854,0.1220,0.7927,KEPT
hsx01586404,hsx015864,15082026_16k_production_4_seeds_4_sizes,hsxlarge,2026-09-21T00:19:49+00:00,1.0804,82,0.0732,0.1341,0.7927,KEPT
hsx01586401,hsx015864,15082026_16k_production_4_seeds_4_sizes,hsxlarge,2026-09-21T00:19:49+00:00,1.1041,82,0.0610,0.1341,0.8049,KEPT
hsx01586407,hsx015864,15082026_16k_production_4_seeds_4_sizes,hsxlarge,2026-09-21T00:19:49+00:00,1.1042,82,0.0854,0.1341,0.7805,NOT_KEPT
hsx01586405,hsx015864,15082026_16k_production_4_seeds_4_sizes,hsxlarge,2026-09-21T00:19:49+00:00,1.1086,82,0.0854,0.1341,0.7805,NOT_KEPT
hsx01586413,hsx015864,15082026_16k_production_4_seeds_4_sizes,hsxlarge,2026-09-21T00:19:49+00:00,1.1132,82,0.0610,0.1220,0.8171,NOT_KEPT
hsx01586402,hsx015864,15082026_16k_production_4_seeds_4_sizes,hsxlarge,2026-09-21T00:19:49+00:00,1.115,82,0.0732,0.1220,0.8049,NOT_KEPT
hsx01586414,hsx015864,15082026_16k_production_4_seeds_4_sizes,hsxlarge,2026-09-21T00:19:49+00:00,1.13,82,0.0610,0.1341,0.8049,NOT_KEPT
hsx01586409,hsx015864,15082026_16k_production_4_seeds_4_sizes,hsxlarge,2026-09-21T00:19:49+00:00,1.1355,82,0.0732,0.1341,0.7927,NOT_KEPT
hsx01586412,hsx015864,15082026_16k_production_4_seeds_4_sizes,hsxlarge,2026-09-21T00:19:49+00:00,1.1378,82,0.0854,0.1341,0.7805,NOT_KEPT
hsx01586415,hsx015864,15082026_16k_production_4_seeds_4_sizes,hsxlarge,2026-09-21T00:19:49+00:00,1.1502,82,0.0610,0.1220,0.8171,NOT_KEPT
hsx01586403,hsx015864,15082026_16k_production_4_seeds_4_sizes,hsxlarge,2026-09-21T00:19:49+00:00,1.151,82,0.0854,0.1341,0.7805,NOT_KEPT
hsx01586408,hsx015864,15082026_16k_production_4_seeds_4_sizes,hsxlarge,2026-09-21T00:19:49+00:00,1.164,82,0.0854,0.1220,0.7927,NOT_KEPT
hsx01586416,hsx015864,15082026_16k_production_4_seeds_4_sizes,hsxlarge,2026-09-21T00:19:49+00:00,1.1889,82,0.0732,0.1341,0.7927,NOT_KEPT
hsx01586410,hsx015864,15082026_16k_production_4_seeds_4_sizes,hsxlarge,2026-09-21T00:19:49+00:00,1.1993,82,0.0610,0.1220,0.8171,NOT_KEPT
hsx01586411,hsx015864,15082026_16k_production_4_seeds_4_sizes,hsxlarge,2026-09-21T00:19:49+00:00,1.3236,82,0.0610,0.1220,0.8171,NOT_KEPT
