sequence_id,protein_id,experiment_name,group,time_stamp,rmsd,matched_pairs,total_aligned_pairs,matched_fraction,ranking_score,site_rmsd,site_residues,status
hsx01503915,hsx015039,15082026_16k_production_4_seeds_4_sizes,hsxlarge,2026-09-21T02:47:22+00:00,11.1657,92,92,1.0000,0.7293,,0,REJECTED
hsx01503916,hsx015039,15082026_16k_production_4_seeds_4_sizes,hsxlarge,2026-09-21T02:47:22+00:00,13.0629,92,92,1.0000,0.7016,,0,REJECTED
hsx01506909,hsx015069,15082026_16k_production_4_seeds_4_sizes,hsxlarge,2026-09-21T02:47:22+00:00,0.9673,55,86,0.6395,0.7471,,0,REJECTED
hsx01506913,hsx015069,15082026_16k_production_4_seeds_4_sizes,hsxlarge,2026-09-21T02:47:22+00:00,0.7881,53,86,0.6163,0.6826,,0,REJECTED
hsx01506916,hsx015069,15082026_16k_production_4_seeds_4_sizes,hsxlarge,2026-09-21T02:47:22+00:00,0.9187,80,86,0.9302,0.7193,,0,PASSED
hsx01516507,hsx015165,15082026_16k_production_4_seeds_4_sizes,hsxlarge,2026-09-21T02:47:22+00:00,0.7300,90,98,0.9184,0.7019,,0,PASSED
hsx01516509,hsx015165,15082026_16k_production_4_seeds_4_sizes,hsxlarge,2026-09-21T02:47:22+00:00,0.8364,92,98,0.9388,0.7718,,0,PASSED
hsx01516511,hsx015165,15082026_16k_production_4_seeds_4_sizes,hsxlarge,2026-09-21T02:47:22+00:00,0.7106,57,98,0.5816,0.4588,,0,REJECTED
hsx01531302,hsx015313,15082026_16k_production_4_seeds_4_sizes,hsxlarge,2026-09-21T02:47:22+00:00,12.1106,88,88,1.0000,0.5947,,0,REJECTED
hsx01531305,hsx015313,15082026_16k_production_4_seeds_4_sizes,hsxlarge,2026-09-21T02:47:22+00:00,17.5915,88,88,1.0000,0.5393,,0,REJECTED
hsx01531307,hsx015313,15082026_16k_production_4_seeds_4_sizes,hsxlarge,2026-09-21T02:47:22+00:00,0.7339,19,88,0.2159,0.5003,,0,REJECTED
hsx01540609,hsx015406,15082026_16k_production_4_seeds_4_sizes,hsxlarge,2026-09-21T02:47:22+00:00,0.8465,69,91,0.7582,0.7549,,0,REJECTED
hsx01540612,hsx015406,15082026_16k_production_4_seeds_4_sizes,hsxlarge,2026-09-21T02:47:22+00:00,0.9398,63,91,0.6923,0.5698,,0,REJECTED
hsx01540613,hsx015406,15082026_16k_production_4_seeds_4_sizes,hsxlarge,2026-09-21T02:47:22+00:00,0.7579,56,91,0.6154,0.6566,,0,REJECTED
hsx01575406,hsx015754,15082026_16k_production_4_seeds_4_sizes,hsxlarge,2026-09-21T02:47:22+00:00,0.8166,79,92,0.8587,0.7642,,0,PASSED
hsx01575412,hsx015754,15082026_16k_production_4_seeds_4_sizes,hsxlarge,2026-09-21T02:47:22+00:00,0.7187,26,92,0.2826,0.5765,,0,REJECTED
hsx01575415,hsx015754,15082026_16k_production_4_seeds_4_sizes,hsxlarge,2026-09-21T02:47:22+00:00,0.8040,30,92,0.3261,0.4675,,0,REJECTED
hsx01586401,hsx015864,15082026_16k_production_4_seeds_4_sizes,hsxlarge,2026-09-21T02:47:22+00:00,0.9886,75,82,0.9146,0.7375,,0,PASSED
hsx01586404,hsx015864,15082026_16k_production_4_seeds_4_sizes,hsxlarge,2026-09-21T02:47:22+00:00,0.9722,59,82,0.7195,0.7333,,0,REJECTED
hsx01586406,hsx015864,15082026_16k_production_4_seeds_4_sizes,hsxlarge,2026-09-21T02:47:22+00:00,11.7011,82,82,1.0000,0.5710,,0,REJECTED
